<?xml version="1.0" encoding="UTF-8" standalone="yes"?>
<addon id="service.subtitles.myopensubtitles"
       name="My OpenSubtitles.com"
       version="1.0.0"
       provider-name="You">
  <requires>
    <import addon="xbmc.python" version="3.0.0"/>
  </requires>

  <extension point="xbmc.service" library="service.py" />

  <extension point="xbmc.addon.metadata">
    <summary>OpenSubtitles.com subtitle service</summary>
    <description>Search and download subtitles from OpenSubtitles.com API</description>
    <platform>all</platform>
  </extension>

  <extension point="xbmc.subtitle.module" library="service.py" />
</addon>
