<?xml version="1.0" encoding="UTF-8" standalone="yes"?>
<addon id="plugin.video.my.xtream" name="Codes IPTV" version="1.1.0" provider-name="YourName">
    <requires>
        <import addon="xbmc.python" version="3.0.0"/>
        <import addon="script.module.requests" version="2.25.0"/>
    </requires>
    <extension point="xbmc.python.pluginsource" library="addon.py">
        <provides>video</provides>
    </extension>
    <extension point="xbmc.service" library="service.py">
    </extension>
    <extension point="xbmc.addon.metadata">
        <summary lang="en_GB">Xtream Codes IPTV Client</summary>
        <description lang="en_GB">Watch Live TV, VOD, and Series from your Xtream Codes IPTV provider.</description>
        <platform>all</platform>
        <assets>
            <icon>icon.png</icon>
            <fanart>fanart.jpg</fanart>
        </assets>
    </extension>
</addon>
